country,divisions,work_seconds,elapsed_seconds,overture_seconds,raw_bytes,brotli_bytes,finished_at_utc,seconds_since_build_start
AD,10,0.1,2.5,6.6,1126,757,2026-09-17T16:28:11Z,27
AE,352,63.4,17.1,0.0,626824,255875,2026-09-17T16:28:26Z,42
AI,1,0.0,19.1,1.1,192,184,2026-09-17T16:28:31Z,47
AG,9,0.3,20.6,0.0,1162,754,2026-09-17T16:28:31Z,47
AF,586,22.2,28.5,1.4,518661,249630,2026-09-17T16:28:39Z,55
AL,474,23.0,16.4,0.0,657363,307447,2026-09-17T16:28:42Z,58
AM,1090,3.9,11.8,0.0,344393,175936,2026-09-17T16:28:43Z,59
AQ,2,1.3,18.7,0.0,9244,4461,2026-09-17T16:28:58Z,74
AO,242,24.7,26.4,0.0,422599,199766,2026-09-17T16:28:58Z,74
